"Year","Indicator","Region","quin_1","quin_2","quin_3","quin_4","quin_5","avg"
2010,"Life_Expectancy_Female","England",83.9523282791364,83.1632770871234,82.2586454606207,81.1889823479451,79.9237224965499,82.2980393065384
2010,"Life_Expectancy_Female","Midlands",83.5324896999277,82.678032407744,81.8972723634102,81.175774883056,80.1239436414825,82.2980393065384
2010,"Life_Expectancy_Female","North East & Yorkshire",83.5903409817156,82.9170862529152,81.7154450594622,80.7223501161737,79.4929874975892,82.2980393065384
2010,"Life_Expectancy_Female","North West",83.5261510876497,82.6484585189635,81.3708381145835,80.2726275717572,78.8025133984985,82.2980393065384
2010,"Life_Expectancy_Female","South East",84.1143544183803,83.2294159661747,82.2620306013623,81.4669886766671,80.952237436395,82.2980393065384
2010,"Life_Expectancy_Female","South West",84.264305002987,83.6535243736443,83.1918791023709,81.861566048083,81.2324785488673,82.2980393065384
2010,"Life_Expectancy_Female","East of England",83.9318760215244,83.2094069574678,82.5575288266493,81.0513697165099,80.1595968047732,82.2980393065384
2010,"Life_Expectancy_Female","London",84.6706067660922,83.9685273613831,83.3261225792475,82.3902848070882,81.5173955818518,82.2980393065384
2010,"Life_Expectancy_Male","South East",80.5473422738639,79.2394806558517,78.1123493936219,76.5636937066629,74.4818277105161,78.1703092246402
2010,"Life_Expectancy_Male","England",80.3914229140691,79.3211538134471,78.1317860956956,76.6607399810211,74.8544552856507,78.1703092246402
2010,"Life_Expectancy_Male","East of England",80.3139887740723,79.302772014197,78.2759871248198,76.7891805276583,75.5891457479569,78.1703092246402
2010,"Life_Expectancy_Male","South West",80.4558269164811,79.6972305835316,78.9323599822903,78.0400359771366,75.2590749805322,78.1703092246402
2010,"Life_Expectancy_Male","Midlands",80.0002670714142,78.9709341843607,77.7281717347992,76.6586440489629,74.6588629001689,78.1703092246402
2010,"Life_Expectancy_Male","North East & Yorkshire",80.1030651332116,79.0735311073181,77.8293666326862,76.4527013448534,74.9072628761047,78.1703092246402
2010,"Life_Expectancy_Male","North West",80.3716880067177,78.9115759970931,77.4533875274171,75.8620351191605,73.7743808119295,78.1703092246402
2010,"Life_Expectancy_Male","London",81.0112585029193,80.2000272124525,79.214331748819,77.6893357385296,76.1774997519294,78.1703092246402
2012,"Life_Expectancy_Female","East of England",84.6909424482353,83.8294670846395,83.1474678255056,82.1777875329236,80.812459321246,83.0195881063956
2012,"Life_Expectancy_Female","London",85.4956189011367,85.0083869679843,84.1292386760145,83.165815464159,82.7040428907371,83.0195881063956
2012,"Life_Expectancy_Female","North West",84.1789181875851,83.2493022401763,82.2452425623158,81.0052739726027,79.6998851942336,83.0195881063956
2012,"Life_Expectancy_Female","South East",84.990975828111,84.0259738452977,82.8950131221452,82.2427666646576,81.2272990766668,83.0195881063956
2012,"Life_Expectancy_Female","Midlands",84.4128700262405,83.5392890743812,82.6312943029667,81.8702978723404,81.085643095861,83.0195881063956
2012,"Life_Expectancy_Female","North East & Yorkshire",84.4149869765578,83.586599290878,82.4061887550201,81.3739011548479,80.3123976956604,83.0195881063956
2012,"Life_Expectancy_Female","England",84.7910604732691,83.9383749656876,82.9081245254366,81.9780236264766,80.7308385283999,83.0195881063956
2012,"Life_Expectancy_Female","South West",84.884067712223,84.4047870637753,83.5149351764175,82.5603126016001,81.4624612202689,83.0195881063956
2012,"Life_Expectancy_Male","East of England",81.0686911332179,79.9567536454336,78.9583276450512,77.5338461538461,76.2068769389865,78.7987489457231
2012,"Life_Expectancy_Male","London",81.5867292386898,80.9349831031442,79.6368158348225,78.4819854721549,77.4801387137453,78.7987489457231
2012,"Life_Expectancy_Male","Midlands",80.5745575213234,79.560725868996,78.4184425413264,77.2467585089141,75.9761351139041,78.7987489457231
2012,"Life_Expectancy_Male","England",81.0033858267717,79.9226222622262,78.749430974765,77.4555146923578,75.8291700903862,78.7987489457231
2012,"Life_Expectancy_Male","North East & Yorkshire",80.3757816735948,79.6226559504467,78.4528008677088,77.017880474449,75.5436615469943,78.7987489457231
2012,"Life_Expectancy_Male","North West",80.7399853453481,79.3986748216107,78.092430591933,76.506510851419,74.7088275462899,78.7987489457231
2012,"Life_Expectancy_Male","South East",81.2374367950214,79.8754659731253,78.584495680036,77.6749041908329,75.7223106572622,78.7987489457231
2012,"Life_Expectancy_Male","South West",80.887817842264,80.2738233871505,79.4151564007416,78.1401103912353,76.2314448940729,78.7987489457231
2014,"Life_Expectancy_Female","England",84.9095297243639,84.0673391323961,83.1024040404221,82.0176186645213,80.8054129712802,83.3548112058465
2014,"Life_Expectancy_Female","North East & Yorkshire",84.3771737660581,83.6348164627364,82.5687510886605,81.4716565129098,80.5600165166446,83.3548112058465
2014,"Life_Expectancy_Female","South East",85.0437942448044,84.2006293469259,83.1225225225225,82.351257494217,81.2136464333186,83.3548112058465
2014,"Life_Expectancy_Female","South West",84.931834243495,84.5098722865143,83.697347848485,83.2509612393193,81.7532842879664,83.3548112058465
2014,"Life_Expectancy_Female","Midlands",84.680666744348,83.6751573138592,82.8487049263586,82.0379403794038,81.0700257869488,83.3548112058465
2014,"Life_Expectancy_Female","North West",84.1221736202347,83.478870412844,82.2953631514157,81.2138659292921,79.9966228070175,83.3548112058465
2014,"Life_Expectancy_Female","East of England",85.008852461855,84.1574023614896,83.4612927470876,82.8582390812598,81.0785229510528,83.3548112058465
2014,"Life_Expectancy_Female","London",85.2840934497162,85.1593370165746,84.2851694915254,83.4394735875441,83.3297797638047,83.3548112058465
2014,"Life_Expectancy_Male","England",81.2845671758715,80.3123208058892,79.090910630468,77.7935881104034,76.3045932312153,79.4373568131304
2014,"Life_Expectancy_Male","South West",81.2615384615385,80.4943319240073,79.7264703067857,78.9192951149447,76.393678722711,79.4373568131304
2014,"Life_Expectancy_Male","Midlands",80.9065657737258,80.0837697281512,78.7677053824363,77.6689042448174,76.3576552779698,79.4373568131304
2014,"Life_Expectancy_Male","North East & Yorkshire",80.7144805194805,79.9916484716157,78.618363794604,77.4576838397182,76.2907695721211,79.4373568131304
2014,"Life_Expectancy_Male","East of England",81.5167700387712,80.4305212892957,79.7477547228244,78.4504424778761,77.300698172424,79.4373568131304
2014,"Life_Expectancy_Male","London",81.7194868991106,81.5131099781501,80.1118008604794,79.155569351719,78.156,79.4373568131304
2014,"Life_Expectancy_Male","North West",80.7698139537997,79.7989636329376,78.3786453433678,77.1268110849379,75.6328251121076,79.4373568131304
2014,"Life_Expectancy_Male","South East",81.3856062896885,80.42862803368,78.9191950464396,78.0813401113614,76.7971343873518,79.4373568131304
2017,"Life_Expectancy_Female","East of England",84.925609935,84.22641058,83.37539007,82.45342133,81.22792108,83.36512157
2017,"Life_Expectancy_Female","London",85.74378599,85.55426244,84.558007085,83.9057985,83.32409475,83.36512157
2017,"Life_Expectancy_Female","Midlands",84.84777195,83.69005925,82.80968351,82.13176517,81.24422875,83.36512157
2017,"Life_Expectancy_Female","North East & Yorkshire",84.59264706,83.79154561,82.798639995,81.622979655,80.56708385,83.36512157
2017,"Life_Expectancy_Female","North West",84.44446844,83.70557567,82.485041455,81.36172281,80.00981258,83.36512157
2017,"Life_Expectancy_Female","England",85.06449554,84.19693115,83.23982793,82.39949807,80.83828606,83.36512157
2017,"Life_Expectancy_Female","South East",85.222657,84.31789145,83.11147746,82.51955332,81.47100631,83.36512157
2017,"Life_Expectancy_Female","South West",85.03765214,84.37795749,83.681903915,82.87330021,81.349153065,83.36512157
2017,"Life_Expectancy_Male","East of England",81.9094546,80.61552719,79.68255549,78.02038864,76.876108945,79.46451098
2017,"Life_Expectancy_Male","London",82.21506046,81.74441618,80.36351464,79.485452085,78.43275456,79.46451098
2017,"Life_Expectancy_Male","England",81.63257281,80.58846971,79.32851246,78.12850143,76.39626382,79.46451098
2017,"Life_Expectancy_Male","North West",81.00124575,80.11120401,78.6490866,77.54144218,75.747406095,79.46451098
2017,"Life_Expectancy_Male","South East",81.799772185,80.64308831,79.052889375,78.148396555,76.4322683,79.46451098
2017,"Life_Expectancy_Male","Midlands",81.255475225,80.19656751,78.84042274,77.7661067,76.432326225,79.46451098
2017,"Life_Expectancy_Male","North East & Yorkshire",81.18797423,80.32436359,79.05225147,77.685985,76.29287671,79.46451098
2017,"Life_Expectancy_Male","South West",81.54531551,80.62939144,79.65331997,78.76727431,76.913998655,79.46451098
2019,"Life_Expectancy_Female","South East",85.57745845,84.56302182,83.037658725,82.61561853,81.25481671,83.42638127
2019,"Life_Expectancy_Female","South West",85.16523608,84.57191295,83.621229365,83.02019772,81.82228426,83.42638127
2019,"Life_Expectancy_Female","England",85.21810146,84.38377867,83.31111134,82.48462707,80.82080124,83.42638127
2019,"Life_Expectancy_Female","North West",84.54101818,83.87645133,82.47782776,81.522062445,80.09998919,83.42638127
2019,"Life_Expectancy_Female","East of England",85.04719587,84.2558975,83.36853207,82.337616715,81.19610661,83.42638127
2019,"Life_Expectancy_Female","London",85.889721125,85.642282745,84.629153225,84.01810203,83.26607525,83.42638127
2019,"Life_Expectancy_Female","Midlands",84.83828808,83.649135955,82.75297093,82.02758386,81.22004879,83.42638127
2019,"Life_Expectancy_Female","North East & Yorkshire",84.778995295,84.130368495,82.941885955,81.88110616,80.730669475,83.42638127
2019,"Life_Expectancy_Male","England",81.77160995,80.70206421,79.43440312,78.339870365,76.43191162,79.5596563
2019,"Life_Expectancy_Male","Midlands",81.31436734,80.32189261,79.09677611,77.82751125,76.60282822,79.5596563
2019,"Life_Expectancy_Male","East of England",81.98523062,80.64606607,79.54653015,78.28167634,76.747748955,79.5596563
2019,"Life_Expectancy_Male","London",82.368347395,81.79901603,80.55334223,79.58030575,78.72853124,79.5596563
2019,"Life_Expectancy_Male","South West",81.70661283,80.755147375,79.70237565,78.79179447,76.84870596,79.5596563
2019,"Life_Expectancy_Male","North East & Yorkshire",81.261669795,80.65071082,79.15771507,77.82806934,76.331494755,79.5596563
2019,"Life_Expectancy_Male","North West",81.45643223,80.22158376,79.04623853,77.86503113,75.926139995,79.5596563
2019,"Life_Expectancy_Male","South East",82.11037153,80.7909769,79.20532802,78.29526223,76.725739505,79.5596563
2020,"Life_Expectancy_Female","Midlands",84.8437,83.53445,82.7167,81.8905,80.9676,83.3448
2020,"Life_Expectancy_Female","North East & Yorkshire",84.7924,83.91815,82.7349,81.69585,80.47415,83.3448
2020,"Life_Expectancy_Female","East of England",85.15775,84.0804,83.231,82.128,81.0911,83.3448
2020,"Life_Expectancy_Female","London",85.95205,85.5293,84.4357,83.85575,83.2182,83.3448
2020,"Life_Expectancy_Female","England",85.2303,84.29845,83.16095,82.2738,80.5791,83.3448
2020,"Life_Expectancy_Female","South West",85.1338,84.6025,83.7192,82.9027,81.6635,83.3448
2020,"Life_Expectancy_Female","North West",84.66775,83.79,82.4037,81.2776,79.7771,83.3448
2020,"Life_Expectancy_Female","South East",85.4651,84.4687,82.9845,82.42755,81.34065,83.3448
2020,"Life_Expectancy_Male","England",81.68135,80.5636,79.2758,78.13685,76.0835,79.3463
2020,"Life_Expectancy_Male","East of England",81.70045,80.5672,79.3734,77.8809,76.4707,79.3463
2020,"Life_Expectancy_Male","London",82.1471,81.54835,80.1363,79.1952,78.3008,79.3463
2020,"Life_Expectancy_Male","Midlands",81.2878,80.1274,78.8486,77.6478,76.1452,79.3463
2020,"Life_Expectancy_Male","North East & Yorkshire",81.1884,80.3672,78.9767,77.5258,76.02905,79.3463
2020,"Life_Expectancy_Male","North West",81.34515,79.8133,78.74845,77.6799,75.57985,79.3463
2020,"Life_Expectancy_Male","South East",81.9596,80.78205,79.05675,77.95495,76.6058,79.3463
2020,"Life_Expectancy_Male","South West",81.6183,80.72095,79.7206,78.854,77.0124,79.3463
2015,"payment_per_patient_all","England",149.185909947077,148.104768505468,138.91244694622,131.826811056174,133.018142828908,141.107320566188
2015,"payment_per_patient_all","South East",141.700828668028,137.084397100507,127.698317792105,127.737081150083,125.709095868566,141.107320566188
2015,"payment_per_patient_all","South West",149.108391143461,148.211757829253,149.72138131876,141.955955003168,136.373682379188,141.107320566188
2015,"payment_per_patient_all","Midlands",164.855319211719,153.806438455074,142.169535597065,129.506041578052,136.446473940316,141.107320566188
2015,"payment_per_patient_all","North East & Yorkshire",160.418542517931,158.509539314554,140.353850016055,134.019851603856,138.742455038216,141.107320566188
2015,"payment_per_patient_all","East of England",156.302908666017,158.524803599288,155.510669896008,136.187651597084,129.420267451441,141.107320566188
2015,"payment_per_patient_all","London",146.088588269667,142.708520756611,137.825211105459,137.165487406648,136.053965831759,141.107320566188
2015,"payment_per_patient_all","North West",127.001581707801,126.648439929253,120.039180633086,119.097045402537,123.970974305197,141.107320566188
2016,"payment_per_patient_all","East of England",152.187504334472,155.679577179508,150.62681684906,133.148579710833,126.390341042083,142.634939923533
2016,"payment_per_patient_all","London",139.369306637643,139.758235466484,139.436721280511,140.962141360109,141.422896818981,142.634939923533
2016,"payment_per_patient_all","North East & Yorkshire",161.280082380557,157.837503271899,138.504306201726,133.474670675206,140.95845191659,142.634939923533
2016,"payment_per_patient_all","North West",132.09124678563,131.7987166655,125.85480540041,124.458245749648,129.800090643008,142.634939923533
2016,"payment_per_patient_all","South East",142.693051134973,139.102050058788,129.723620531363,131.370394457903,132.262707048378,142.634939923533
2016,"payment_per_patient_all","Midlands",167.160198184504,156.331916451709,145.321378971056,132.772718137064,138.262613696076,142.634939923533
2016,"payment_per_patient_all","England",150.053902196169,149.221674210578,139.978139587886,134.067121003543,136.304111259467,142.634939923533
2016,"payment_per_patient_all","South West",157.323288152936,153.820724707186,148.595496780484,142.012890269362,134.169138466012,142.634939923533
2017,"payment_per_patient_all","England",159.290974272246,156.233369741142,148.819073821811,142.844899660251,145.80165255637,151.374562688028
2017,"payment_per_patient_all","South West",164.17171486666,164.131105787432,161.691825349808,147.9618298657,149.844987311037,151.374562688028
2017,"payment_per_patient_all","Midlands",173.876884924441,161.85947212787,149.358574501168,141.518648242788,144.91460841515,151.374562688028
2017,"payment_per_patient_all","East of England",157.11828187271,159.208852476889,154.96087834638,140.378602744582,132.037280587304,151.374562688028
2017,"payment_per_patient_all","London",147.404997590709,144.323590548249,144.527299381631,148.73178800326,143.44586209864,151.374562688028
2017,"payment_per_patient_all","North East & Yorkshire",167.99099497864,160.292919570951,148.150870415574,141.25966678391,149.662376877526,151.374562688028
2017,"payment_per_patient_all","North West",149.654033654354,151.6387428822,139.616901532112,135.719358695672,145.999176931304,151.374562688028
2017,"payment_per_patient_all","South East",155.053244937223,148.067091937542,145.344923372129,144.186306678653,142.605541738479,151.374562688028
2018,"payment_per_patient_all","East of England",158.498689979898,161.957802812374,155.949832553477,143.737985320209,129.573018260235,152.051453955905
2018,"payment_per_patient_all","North West",149.600279466748,150.294733758346,142.326502744248,136.844317692508,143.619384542049,152.051453955905
2018,"payment_per_patient_all","London",149.062284742223,148.384084552452,143.105111626528,152.333687635691,148.122785660557,152.051453955905
2018,"payment_per_patient_all","Midlands",169.456441573749,162.699400852225,150.197536392437,140.521543404108,144.011162968242,152.051453955905
2018,"payment_per_patient_all","North East & Yorkshire",169.342100505193,164.588332143071,149.365684157687,146.328421696921,149.961008978968,152.051453955905
2018,"payment_per_patient_all","England",158.49813478454,158.195954388847,149.243272857232,145.33159548793,145.829567808145,152.051453955905
2018,"payment_per_patient_all","South East",154.775790801901,152.154452438276,146.689590541443,143.681375666682,155.651022949438,152.051453955905
2018,"payment_per_patient_all","South West",160.362482702801,163.307506060064,160.351825162826,151.497598756397,150.064487005966,152.051453955905
2019,"payment_per_patient_all","England",161.278478818681,160.950290327273,151.934658928988,148.727181600778,148.186728686947,154.817687863741
2019,"payment_per_patient_all","East of England",162.267146989776,163.154134357193,152.517910629936,146.239060940532,137.078963286549,154.817687863741
2019,"payment_per_patient_all","London",152.109500897831,149.975384765027,146.181607092164,153.931766838314,145.831686915326,154.817687863741
2019,"payment_per_patient_all","Midlands",171.070965352324,163.828947119414,149.576809984742,146.848766582381,149.028260297437,154.817687863741
2019,"payment_per_patient_all","North East & Yorkshire",173.169554450398,168.209850214626,155.08928762841,149.029450474927,151.352690415878,154.817687863741
2019,"payment_per_patient_all","North West",156.31972213588,158.604470376029,149.458237877442,141.524636185086,144.172821384716,154.817687863741
2019,"payment_per_patient_all","South East",155.816812270182,154.346738567398,150.497457877585,149.508300440469,151.717100964204,154.817687863741
2019,"payment_per_patient_all","South West",164.051100607171,168.579007353963,165.458881153702,149.245680108309,167.960459041274,154.817687863741
2020,"payment_per_patient_all","London",149.04098696921,147.157631752097,144.935100352657,149.202944452751,145.881870452104,155.468317098385
2020,"payment_per_patient_all","Midlands",175.010631643406,165.223251813948,151.414226313803,147.55908875885,147.285085509312,155.468317098385
2020,"payment_per_patient_all","North East & Yorkshire",172.11207008244,166.619996823285,155.26833608518,148.896277324818,151.976347232864,155.468317098385
2020,"payment_per_patient_all","England",162.069987201698,161.965807962655,153.058820093194,148.018629487968,148.28206392733,155.468317098385
2020,"payment_per_patient_all","East of England",162.018189381037,167.077454303954,158.819812876498,150.115587036832,140.352649295895,155.468317098385
2020,"payment_per_patient_all","South East",156.045891146974,158.226546433872,152.955961694208,146.303071521018,157.746312056898,155.468317098385
2020,"payment_per_patient_all","South West",167.491830564165,171.451398320409,165.041179188691,153.498612816512,164.068192831525,155.468317098385
2020,"payment_per_patient_all","North West",158.31626674646,155.195881073793,149.004306155002,142.796348819872,144.477887255122,155.468317098385
2021,"payment_per_patient_all","East of England",176.325334899658,185.345019109437,175.286369159992,165.110566384494,159.656187235206,169.92777843846
2021,"payment_per_patient_all","England",174.851474636101,179.160854908901,166.999145307696,162.451610219631,161.680829614788,169.92777843846
2021,"payment_per_patient_all","North East & Yorkshire",189.2899639257,186.66204910138,167.099182994006,164.850387082899,169.894296027015,169.92777843846
2021,"payment_per_patient_all","North West",168.509209189226,173.950524213021,164.883136700425,157.987806464044,154.754061310982,169.92777843846
2021,"payment_per_patient_all","London",162.093366060323,161.439385757492,156.278696633709,158.152581418953,157.528276306254,169.92777843846
2021,"payment_per_patient_all","Midlands",188.584819693816,179.700157405415,165.720822968116,164.449376635714,157.981138016899,169.92777843846
2021,"payment_per_patient_all","South East",164.560453130858,174.854174082017,162.41495225697,162.74742650428,168.605856193655,169.92777843846
2021,"payment_per_patient_all","South West",186.635899138041,191.828958369699,186.85706544088,175.223627068808,187.697380196265,169.92777843846
2022,"payment_per_patient_all","England",192.205643426582,194.672607820694,185.874923924355,178.641384153646,177.134134734318,186.978632398119
2022,"payment_per_patient_all","Midlands",202.026788456315,197.274506469656,183.477090206466,177.818779274153,175.721061590142,186.978632398119
2022,"payment_per_patient_all","East of England",194.59593749494,201.305636410938,190.50761896114,182.859898603805,171.371223532569,186.978632398119
2022,"payment_per_patient_all","London",174.307855721759,173.762414365736,167.968655863108,171.279489509919,174.055810809386,186.978632398119
2022,"payment_per_patient_all","South West",204.021923266376,204.936589259689,207.354287645581,194.164925954987,200.01546654732,186.978632398119
2022,"payment_per_patient_all","North East & Yorkshire",198.435250878616,198.008867104453,184.36041855512,180.573520350394,184.920959666916,186.978632398119
2022,"payment_per_patient_all","North West",185.942988754325,187.14286577732,183.087929136364,175.593569881803,168.315637482568,186.978632398119
2022,"payment_per_patient_all","South East",187.047546003266,196.059439061772,197.443737894158,191.432381796031,193.385824350678,186.978632398119
2023,"payment_per_patient_all","England",182.603669387154,185.902251203096,175.375074724424,170.373462153234,166.354216784426,177.240403092094
2023,"payment_per_patient_all","East of England",187.018313983111,195.946562555117,186.495300701611,180.8195709011,168.861913028344,177.240403092094
2023,"payment_per_patient_all","London",162.427781261853,167.219572409999,159.498434736458,165.805782805611,160.256011838354,177.240403092094
2023,"payment_per_patient_all","Midlands",193.262951235328,183.319684741286,169.503912804501,167.543420061323,159.429216454549,177.240403092094
2023,"payment_per_patient_all","North East & Yorkshire",194.42451678521,192.405949380154,173.745597814185,170.595206926147,173.713953483491,177.240403092094
2023,"payment_per_patient_all","North West",179.096164395277,176.65648930804,169.755653736154,165.47176785672,162.202685848711,177.240403092094
2023,"payment_per_patient_all","South East",172.776138540416,182.762769159984,179.653032663655,173.128465608157,176.992012293266,177.240403092094
2023,"payment_per_patient_all","South West",199.009494837147,201.518928026656,204.736722300043,194.769152474001,195.749573514716,177.240403092094
2015,"payment_per_patient_disp","England",187.992404891158,194.484456680533,191.65165921154,167.112889263905,132.061507309764,188.619926351081
2015,"payment_per_patient_disp","South East",179.85686070125,200.330117073441,169.497863831448,147.126436344266,147.528748237506,188.619926351081
2015,"payment_per_patient_disp","South West",183.261816711237,203.940736771433,209.062265764387,181.477779738348,139.083684832124,188.619926351081
2015,"payment_per_patient_disp","Midlands",199.315506711874,196.07911290245,195.482304053934,172.84111431843,128.420364652257,188.619926351081
2015,"payment_per_patient_disp","North East & Yorkshire",188.859837285689,193.27590329121,170.702024720933,153.962256255754,130.98929787579,188.619926351081
2015,"payment_per_patient_disp","East of England",191.504304571524,189.908520310027,196.022778751533,175.117709074853,NA,188.619926351081
2015,"payment_per_patient_disp","London",NA,127.77910309755,176.086056270207,147.894361263624,NA,188.619926351081
2015,"payment_per_patient_disp","North West",176.831856101845,172.722671740223,NA,NA,NA,188.619926351081
2016,"payment_per_patient_disp","East of England",188.733372921355,188.688204736347,188.027994262354,171.097175976315,NA,190.420946694185
2016,"payment_per_patient_disp","London",NA,145.51767318942,178.837530276597,169.088300590059,NA,190.420946694185
2016,"payment_per_patient_disp","North East & Yorkshire",188.57150650731,197.345709881817,170.463919058721,163.753456099516,175.636490178041,190.420946694185
2016,"payment_per_patient_disp","North West",178.032756692549,180.392794448158,NA,NA,NA,190.420946694185
2016,"payment_per_patient_disp","South East",180.153874727886,200.025173988797,177.794236476783,152.851216878512,151.222240655341,190.420946694185
2016,"payment_per_patient_disp","Midlands",204.098654116195,199.707217071962,196.214265305631,149.719489653213,132.072503176343,190.420946694185
2016,"payment_per_patient_disp","England",190.136707875417,197.22537039189,191.11908939527,164.868337889838,140.369445066214,190.420946694185
2016,"payment_per_patient_disp","South West",197.362463611062,212.176514635603,214.530752947874,179.962882539047,127.680670323485,190.420946694185
2017,"payment_per_patient_disp","England",193.704593557402,200.097721210431,197.38642466873,178.409787012883,147.56152534387,194.895866377308
2017,"payment_per_patient_disp","South West",198.420333817083,216.67346128544,222.038514298832,183.908109260548,145.003001067139,194.895866377308
2017,"payment_per_patient_disp","Midlands",205.139901883525,203.059622090054,199.267195309571,188.867262695947,140.585712017256,194.895866377308
2017,"payment_per_patient_disp","East of England",184.826010202828,189.101147685965,194.84884050297,166.62547587786,NA,194.895866377308
2017,"payment_per_patient_disp","London",NA,153.303231064659,190.519812677114,155.769088737306,NA,194.895866377308
2017,"payment_per_patient_disp","North East & Yorkshire",191.267890145965,196.012457819603,174.635289783629,187.164384656744,173.911492121214,194.895866377308
2017,"payment_per_patient_disp","North West",196.736422704619,205.68108347588,NA,NA,NA,194.895866377308
2017,"payment_per_patient_disp","South East",190.735285563562,202.681693772205,192.472811673538,168.03603370784,153.699592012025,194.895866377308
2018,"payment_per_patient_disp","East of England",186.498637520157,190.045306189845,197.447684346734,166.698688609219,NA,192.9026181229
2018,"payment_per_patient_disp","North West",186.006972822289,194.75370961654,122.100781412863,107.111910931122,NA,192.9026181229
2018,"payment_per_patient_disp","London",NA,155.339319522743,159.560697678943,153.491252555244,NA,192.9026181229
2018,"payment_per_patient_disp","Midlands",199.318471074005,202.93860014357,194.594963348302,180.266627034902,144.242400682546,192.9026181229
2018,"payment_per_patient_disp","North East & Yorkshire",194.358666322451,195.316685211264,175.938561826692,186.804530365163,168.75946983496,192.9026181229
2018,"payment_per_patient_disp","England",191.522727219486,199.685974563233,192.499636292771,178.231271792379,149.885187118127,192.9026181229
2018,"payment_per_patient_disp","South East",188.30152209344,201.085225523919,185.813073586795,199.108615999817,156.292076034985,192.9026181229
2018,"payment_per_patient_disp","South West",193.089103597574,216.022652071011,214.035836190433,186.867050544412,148.102557288322,192.9026181229
2019,"payment_per_patient_disp","England",195.633505582801,202.918081949876,189.674105310328,182.916524454476,145.405072349634,194.820197660015
2019,"payment_per_patient_disp","East of England",191.899035121118,193.833593878656,190.249070441443,173.671699054738,NA,194.820197660015
2019,"payment_per_patient_disp","London",164.7188237818,146.004432398014,168.287237332598,159.902578507097,NA,194.820197660015
2019,"payment_per_patient_disp","Midlands",205.272299246659,204.424393432009,184.153046766447,205.166211785677,141.668108136723,194.820197660015
2019,"payment_per_patient_disp","North East & Yorkshire",197.346974509482,202.955878226608,182.823470570376,183.750127793151,168.790250800841,194.820197660015
2019,"payment_per_patient_disp","North West",206.164766618582,210.995636850531,160.729570075557,113.720378977321,NA,194.820197660015
2019,"payment_per_patient_disp","South East",188.973881933509,200.489880763035,194.172660730935,195.065397850248,152.769048671631,194.820197660015
2019,"payment_per_patient_disp","South West",195.028284996345,216.001072839312,203.12083288238,179.496297648285,144.877576170426,194.820197660015
2020,"payment_per_patient_disp","London",NA,159.329759168682,152.599890851335,167.852863771722,NA,195.3743638428
2020,"payment_per_patient_disp","Midlands",207.218918546367,205.780616220756,190.224898094094,215.019317147035,142.34381414009,195.3743638428
2020,"payment_per_patient_disp","North East & Yorkshire",198.381124176151,197.669378073259,185.195902247372,167.863887225426,210.414381222646,195.3743638428
2020,"payment_per_patient_disp","England",194.310666687397,203.88219635389,194.600655621148,180.106920526567,162.445110117408,195.3743638428
2020,"payment_per_patient_disp","East of England",187.536216752458,197.968716832035,192.962343236984,168.208065169275,NA,195.3743638428
2020,"payment_per_patient_disp","South East",186.466791624693,201.261579287267,207.641706707812,191.37632106372,150.408332442221,195.3743638428
2020,"payment_per_patient_disp","South West",197.218730697801,217.477764878987,212.496301757686,180.711218924494,146.564062909084,195.3743638428
2020,"payment_per_patient_disp","North West",191.758519309356,206.279869418412,151.648294593189,NA,NA,195.3743638428
2021,"payment_per_patient_disp","East of England",205.020273819174,219.516387812383,214.240984227261,178.703716287961,NA,211.872925458717
2021,"payment_per_patient_disp","England",207.93429068744,225.246899256503,212.641654324161,194.784883430247,174.085288367325,211.872925458717
2021,"payment_per_patient_disp","North East & Yorkshire",210.498329753586,226.475365067327,195.098820206986,184.266819300088,212.807403334571,211.872925458717
2021,"payment_per_patient_disp","North West",192.697354722424,231.784949941812,173.759842928657,NA,179.647558191875,211.872925458717
2021,"payment_per_patient_disp","London",NA,178.152748286426,165.18573919241,171.749861393554,NA,211.872925458717
2021,"payment_per_patient_disp","Midlands",219.801691299092,220.514908238468,206.654017097923,231.788525675718,156.69512154479,211.872925458717
2021,"payment_per_patient_disp","South East",196.820466894249,222.95710700197,211.222529940062,192.764612780004,156.209388986213,211.872925458717
2021,"payment_per_patient_disp","South West",219.978854677452,241.097876546133,235.671104113519,209.263001064727,142.958494707271,211.872925458717
2022,"payment_per_patient_disp","England",223.479153009633,242.667427115657,238.520667034845,217.064930306836,201.498627081539,230.707423103389
2022,"payment_per_patient_disp","North East & Yorkshire",217.966103982968,242.086945168845,204.258180323265,212.89954313992,226.131444077575,230.707423103389
2022,"payment_per_patient_disp","East of England",218.718551983398,234.886682189567,229.119332504203,206.360888905135,NA,230.707423103389
2022,"payment_per_patient_disp","Midlands",231.743812688162,241.813646844518,232.099983041626,254.013019638549,153.381519561214,230.707423103389
2022,"payment_per_patient_disp","North West",229.116886426002,241.128256728108,NA,NA,NA,230.707423103389
2022,"payment_per_patient_disp","South East",214.257944944821,246.173751000794,235.464823358815,187.332820752416,152.421794842152,230.707423103389
2022,"payment_per_patient_disp","South West",241.637952953762,253.24839015612,283.659614971309,225.646868794555,NA,230.707423103389
2023,"payment_per_patient_disp","England",218.249018899161,236.464211248321,229.310069502749,218.183773472847,196.874880284202,225.014769932507
2023,"payment_per_patient_disp","East of England",217.244535231556,233.199818639629,228.352575307736,211.084104414392,NA,225.014769932507
2023,"payment_per_patient_disp","Midlands",226.602427866846,232.742266399491,212.031826326048,258.712807966127,148.934387912635,225.014769932507
2023,"payment_per_patient_disp","North East & Yorkshire",211.518932982946,233.908675147157,203.653568305683,191.07404543937,214.220127597665,225.014769932507
2023,"payment_per_patient_disp","North West",227.150604229253,230.128283237167,180.325557164583,NA,NA,225.014769932507
2023,"payment_per_patient_disp","South East",205.457379090782,233.289223957904,226.536429738922,193.448793264504,167.22750155082,225.014769932507
2023,"payment_per_patient_disp","South West",239.227189932356,250.557746871222,282.519509413364,238.764624089899,NA,225.014769932507
2015,"payment_per_patient_non_disp","England",131.382064557152,133.100557359185,131.111963971404,129.823683081068,133.031238081215,131.934475547653
2015,"payment_per_patient_non_disp","South East",126.45561828514,126.892491117705,124.968496744184,127.052652008128,124.474001126241,131.934475547653
2015,"payment_per_patient_non_disp","South West",133.456047352492,129.67192314362,132.778486347994,134.246444464477,136.259477830551,131.934475547653
2015,"payment_per_patient_non_disp","Midlands",133.358153725151,135.404108016175,132.049058398509,125.863124246017,136.699028933057,131.934475547653
2015,"payment_per_patient_non_disp","North East & Yorkshire",139.167069587305,138.505219457575,134.494780855848,132.965583577741,138.858498575113,131.934475547653
2015,"payment_per_patient_non_disp","East of England",132.186389324623,133.78942554415,132.939201126938,130.181747663512,129.420267451441,131.934475547653
2015,"payment_per_patient_non_disp","London",146.088588269667,142.81477425804,137.554607862217,136.893302675772,136.053965831759,131.934475547653
2015,"payment_per_patient_non_disp","North West",118.150463707214,121.893903964386,120.039180633086,119.097045402537,123.970974305197,131.934475547653
2016,"payment_per_patient_non_disp","East of England",126.584847904451,130.474487683952,130.933768393109,127.056705265472,126.390341042083,133.418339927871
2016,"payment_per_patient_non_disp","London",139.369306637643,139.655061758482,139.170137182308,140.27361904807,141.422896818981,133.418339927871
2016,"payment_per_patient_non_disp","North East & Yorkshire",137.527129982899,136.519536811697,131.871716622844,132.016876719136,140.707116226367,133.418339927871
2016,"payment_per_patient_non_disp","North West",123.361290849603,126.611589025257,125.85480540041,124.458245749648,129.800090643008,133.418339927871
2016,"payment_per_patient_non_disp","South East",128.312405009913,128.195987459796,127.02117487387,130.469911879809,131.294762785186,133.418339927871
2016,"payment_per_patient_non_disp","Midlands",134.437718660256,137.440176020407,135.056645155914,131.366105341953,138.451586498184,133.418339927871
2016,"payment_per_patient_non_disp","England",131.557840423204,133.795090140423,132.307184849643,132.347849913227,136.25592995967,133.418339927871
2016,"payment_per_patient_non_disp","South West",139.094796735219,134.461239966143,130.134979619346,134.625365611258,134.453867704904,133.418339927871
2017,"payment_per_patient_non_disp","England",142.960481631169,142.20343190166,141.227169009794,140.887553219165,145.684650697217,142.632483734474
2017,"payment_per_patient_non_disp","South West",149.004563500129,144.603938978334,143.92887583685,140.150707611191,147.774524512075,142.632483734474
2017,"payment_per_patient_non_disp","Midlands",144.252867008838,143.878773218694,140.005083979355,138.225506087244,145.050497901222,142.632483734474
2017,"payment_per_patient_non_disp","East of England",136.520897910362,137.278142357054,134.750382092378,136.254895015955,132.024700482537,142.632483734474
2017,"payment_per_patient_non_disp","London",147.404997590709,144.172374694269,144.206285109806,148.540871702526,143.363652021372,142.632483734474
2017,"payment_per_patient_non_disp","North East & Yorkshire",147.668835096918,139.989727099055,142.95326366862,138.69349555601,149.440517734035,142.632483734474
2017,"payment_per_patient_non_disp","North West",140.115124301558,145.999121262464,137.830634003457,135.717144331304,145.983923679875,142.632483734474
2017,"payment_per_patient_non_disp","South East",141.21284897352,138.784966059176,141.361941577536,143.23460760218,142.010470751842,142.632483734474
2018,"payment_per_patient_non_disp","East of England",138.020677744131,140.218829524711,135.538908515719,139.283000633521,129.461735515452,143.587889462586
2018,"payment_per_patient_non_disp","North West",140.080789111684,144.650215554033,143.222900189859,136.990999894391,143.593679437958,143.587889462586
2018,"payment_per_patient_non_disp","London",149.062284742223,148.2675584827,142.863254427509,151.88098973905,147.780574028722,143.587889462586
2018,"payment_per_patient_non_disp","Midlands",141.874214415226,142.936849700074,141.253161116371,137.651051908412,143.210502700725,143.587889462586
2018,"payment_per_patient_non_disp","North East & Yorkshire",146.510305468719,146.927354175866,144.178010557008,143.508316672277,149.768494172472,143.587889462586
2018,"payment_per_patient_non_disp","England",142.714669665583,144.189540596683,142.095144660698,143.191039325338,145.485253459842,143.587889462586
2018,"payment_per_patient_non_disp","South East",141.544110079274,142.969798156222,142.722199529853,139.907965119574,154.41722994901,143.587889462586
2018,"payment_per_patient_non_disp","South West",144.852457138864,143.366702150922,142.638825694483,144.426833591667,150.214805936492,143.587889462586
2019,"payment_per_patient_non_disp","England",145.016881990643,146.963973872564,145.254272373843,144.431156555507,147.25935878351,145.762037711364
2019,"payment_per_patient_non_disp","East of England",141.411830711942,139.296308389,135.151988731952,137.52999655685,136.151016466316,145.762037711364
2019,"payment_per_patient_non_disp","London",151.947718741687,149.949587963933,145.858643573454,147.998539239899,145.662045494377,145.762037711364
2019,"payment_per_patient_non_disp","Midlands",140.632602335536,145.410042179536,142.486428901029,141.991146938956,147.790542436431,145.762037711364
2019,"payment_per_patient_non_disp","North East & Yorkshire",151.012223887426,149.448443986881,148.98759815293,145.833914037261,149.66763863107,145.762037711364
2019,"payment_per_patient_non_disp","North West",143.805307382283,151.545283327497,148.931535417912,141.643058936459,144.170660163173,145.762037711364
2019,"payment_per_patient_non_disp","South East",142.717734705343,144.459411935987,145.71463223691,145.903711139418,149.05477246762,145.762037711364
2019,"payment_per_patient_non_disp","South West",148.891093561354,149.891726712982,149.585734605063,141.176584266627,169.866186127522,145.762037711364
2020,"payment_per_patient_non_disp","London",149.040755728802,147.042053732787,144.810357419698,148.71241571338,145.877898965537,146.528365531901
2020,"payment_per_patient_non_disp","Midlands",144.737631911788,145.650101255937,143.488780500659,141.842171359125,147.555553237353,146.528365531901
2020,"payment_per_patient_non_disp","North East & Yorkshire",148.052150122025,150.30737947401,148.943331156644,147.120260875192,149.411256430303,146.528365531901
2020,"payment_per_patient_non_disp","England",146.027062250248,147.984563648182,145.655345173772,145.377703283844,147.569991022958,146.528365531901
2020,"payment_per_patient_non_disp","East of England",142.68247143305,144.379380351013,140.514674870065,143.011389448012,140.255076701386,146.528365531901
2020,"payment_per_patient_non_disp","South East",143.894374849073,148.393606813188,147.511411744874,143.343766025274,157.402064777273,146.528365531901
2020,"payment_per_patient_non_disp","South West",151.24512008288,152.785358958032,145.776627588549,145.263886813958,164.73529132969,146.528365531901
2020,"payment_per_patient_non_disp","North West",147.832505407702,148.378457847171,148.86142770323,142.796203844004,144.415801294487,146.528365531901
2021,"payment_per_patient_non_disp","East of England",154.205463099138,158.560706297899,156.445691942763,158.765372308624,159.475100539606,160.264411578497
2021,"payment_per_patient_non_disp","England",158.103938981015,163.330827037445,159.090870180018,159.117135859669,160.524498071181,160.264411578497
2021,"payment_per_patient_non_disp","North East & Yorkshire",169.415056523518,166.100194518968,161.658642640709,161.869882713073,167.511763033551,160.264411578497
2021,"payment_per_patient_non_disp","North West",160.896781158359,165.415638503571,164.414277954118,157.973724751133,154.659717707866,160.264411578497
2021,"payment_per_patient_non_disp","London",162.081642329964,161.278306968672,156.140706617847,157.936315079755,157.496831168696,160.264411578497
2021,"payment_per_patient_non_disp","Midlands",158.34976609439,159.381128570002,157.162383325029,158.293265210392,156.646467108676,160.264411578497
2021,"payment_per_patient_non_disp","South East",151.490381935103,163.280767470011,157.184539718,158.1102174059,164.350660799543,160.264411578497
2021,"payment_per_patient_non_disp","South West",168.215056814023,171.502330837772,166.226048888502,163.745134383689,189.390245970006,160.264411578497
2022,"payment_per_patient_non_disp","England",174.132931454701,179.891175446397,176.622462118554,173.634407951844,175.732668056947,176.228110220812
2022,"payment_per_patient_non_disp","Midlands",176.767691892559,179.867946103886,175.035999273506,170.003262066909,174.023814189104,176.228110220812
2022,"payment_per_patient_non_disp","East of England",176.819035495108,176.419941833706,173.758521504229,173.650338985326,171.317887834303,176.228110220812
2022,"payment_per_patient_non_disp","London",174.306827393492,173.762414365736,167.966600865583,170.077206586554,173.925480329468,176.228110220812
2022,"payment_per_patient_non_disp","South West",185.651450881491,184.648553611834,184.816074701744,184.360318062111,199.779103111453,176.228110220812
2022,"payment_per_patient_non_disp","North East & Yorkshire",180.75099352722,177.483415383092,181.040684808956,176.327471458124,181.617321800614,176.228110220812
2022,"payment_per_patient_non_disp","North West",175.556207267908,178.352450400684,182.713937146013,175.58292004239,168.312399329749,176.228110220812
2022,"payment_per_patient_non_disp","South East",166.251277981323,186.456109012051,180.333657134762,177.509611339822,194.885667617608,176.228110220812
2023,"payment_per_patient_non_disp","England",164.344292610798,170.386176915592,166.830147529032,165.179620339749,165.085593697964,166.472649102103
2023,"payment_per_patient_non_disp","East of England",164.575668415367,168.212423116781,168.880567085711,171.050201605019,168.844800949131,166.472649102103
2023,"payment_per_patient_non_disp","London",162.427743161856,167.174357578395,159.49543104135,165.115856105463,160.213731154364,166.472649102103
2023,"payment_per_patient_non_disp","Midlands",164.471625980777,164.057597855145,162.013640879966,156.106723477896,158.324990560185,166.472649102103
2023,"payment_per_patient_non_disp","North East & Yorkshire",177.385350645103,172.691181403545,168.791227187267,167.885355320634,170.424782339325,166.472649102103
2023,"payment_per_patient_non_disp","North West",167.62137292811,169.340214010829,168.041168647556,165.420042064791,162.189377237155,166.472649102103
2023,"payment_per_patient_non_disp","South East",156.127013681677,172.972636494122,169.829428819503,165.188148795467,176.884103618229,166.472649102103
2023,"payment_per_patient_non_disp","South West",179.779532646877,180.579988099698,183.238502462861,178.749683650264,195.73086098894,166.472649102103
