"Year","Practice.Code"
2016,"N81634"
2016,"N81104"
2016,"N85056"
2016,"Y02664"
2016,"Y02673"
2016,"Y02880"
2016,"Y00618"
2016,"P84659"
2016,"P84627"
2016,"P84063"
2016,"P84057"
2016,"P85029"
2016,"P87629"
2016,"P87641"
2016,"P84677"
2016,"P88033"
2016,"P88001"
2016,"P92632"
2016,"P92606"
2016,"P81109"
2016,"P81629"
2016,"P81677"
2016,"P81705"
2016,"P81745"
2016,"N84616"
2016,"N84032"
2016,"N83016"
2016,"Y02595"
2016,"N82659"
2016,"A85015"
2016,"A84618"
2016,"A89618"
2016,"Y02647"
2016,"A82011"
2016,"B81679"
2016,"B82627"
2016,"B81098"
2016,"B82058"
2016,"B82043"
2016,"B82082"
2016,"B82048"
2016,"Y02850"
2016,"C85627"
2016,"C88075"
2016,"C88013"
2016,"B86046"
2016,"B85625"
2016,"B85628"
2016,"B85629"
2016,"Y02529"
2016,"M86043"
2016,"M84057"
2016,"M84027"
2016,"M84048"
2016,"M87614"
2016,"M87032"
2016,"Y02702"
2016,"M88017"
2016,"M85809"
2016,"M85655"
2016,"M91039"
2016,"M92020"
2016,"M92637"
2016,"M92610"
2016,"M85166"
2016,"C81011"
2016,"Y02977"
2016,"C84675"
2016,"C84678"
2016,"C81116"
2016,"C81617"
2016,"C84674"
2016,"C84636"
2016,"C84632"
2016,"C84666"
2016,"C84146"
2016,"C84149"
2016,"C81079"
2016,"D82055"
2016,"D82103"
2016,"D82021"
2016,"F81736"
2016,"F81734"
2016,"F81699"
2016,"F81676"
2016,"C82641"
2016,"C82625"
2016,"Y00451"
2016,"M83695"
2016,"L84019"
2016,"L84621"
2016,"J83634"
2016,"J83627"
2016,"L81092"
2016,"L81116"
2016,"L85029"
2016,"L81134"
2016,"L82055"
2016,"L83133"
2016,"L83093"
2016,"L83126"
2016,"L83149"
2016,"G82748"
2016,"G82004"
2016,"G82644"
2016,"G82818"
2016,"G82030"
2016,"G81636"
2016,"G81005"
2016,"H82625"
2016,"H82068"
2016,"G81692"
2016,"Y00061"
2016,"K84029"
2016,"K84608"
2016,"K84615"
2016,"K82608"
2016,"K82071"
2016,"J82031"
2016,"J82159"
2016,"J82037"
2016,"J82167"
2016,"J82612"
2016,"J82634"
2016,"J82186"
2016,"E83659"
2016,"G83605"
2016,"G84037"
2016,"F83663"
2016,"F83040"
2016,"F84042"
2016,"H83035"
2016,"F85009"
2016,"F85037"
2016,"G83042"
2016,"Y02589"
2016,"E85673"
2016,"F85022"
2016,"F85665"
2016,"F85641"
2016,"F85660"
2016,"E84670"
2016,"F82608"
2016,"F82657"
2016,"F82744"
2016,"F83630"
2016,"H84609"
2016,"H84607"
2016,"F84699"
2016,"H84615"
2016,"G85707"
2016,"E87630"
2016,"E87670"
2016,"E87717"
2016,"E87014"
2017,"C85012"
2017,"E81618"
2017,"K81044"
2017,"K81667"
2017,"Y01680"
2017,"Y02963"
2017,"M85003"
2017,"M85036"
2017,"M85704"
2017,"M85738"
2017,"M85784"
2017,"M85791"
2017,"L81663"
2017,"L81002"
2017,"L81074"
2017,"L81635"
2017,"D81006"
2017,"N81126"
2017,"M86630"
2017,"Y02613"
2017,"Y02784"
2017,"L82019"
2017,"L82611"
2017,"L82621"
2017,"A82619"
2017,"A82635"
2017,"A82641"
2017,"L83109"
2017,"L83613"
2017,"A83068"
2017,"A00001"
2017,"F81129"
2017,"F81719"
2017,"F81172"
2017,"F81710"
2017,"F81661"
2017,"Y00915"
2017,"L84609"
2017,"P85603"
2017,"Y01634"
2017,"G82670"
2017,"G82739"
2017,"Y01009"
2017,"G82651"
2017,"Y02748"
2017,"Y02786"
2017,"B81686"
2017,"P81746"
2017,"P81624"
2017,"Y02837"
2017,"B86674"
2017,"B86065"
2017,"B86102"
2017,"Y02725"
2017,"C82655"
2017,"F84659"
2017,"F82629"
2017,"F82052"
2017,"F83013"
2017,"F83031"
2017,"F85646"
2017,"F85658"
2017,"F85680"
2017,"E83640"
2017,"E83645"
2017,"E83651"
2017,"E83652"
2017,"E83664"
2017,"E87705"
2017,"E86622"
2017,"E86635"
2017,"E84064"
2017,"E85731"
2017,"E85724"
2017,"Y02379"
2017,"H84633"
2017,"H85016"
2017,"H85650"
2017,"H83635"
2017,"G85078"
2017,"G85703"
2017,"Y02897"
2017,"Y02726"
2017,"D82629"
2017,"Y00284"
2017,"C84143"
2017,"Y04800"
2017,"K84039"
2017,"K84077"
2017,"Y02719"
2017,"C87612"
2017,"M82001"
2017,"M82054"
2017,"M82607"
2017,"M82612"
2017,"C88653"
2017,"P91025"
2017,"P91027"
2017,"P91605"
2017,"L85602"
2017,"N84622"
2017,"Y02498"
2017,"Y02514"
2017,"J82658"
2017,"J82032"
2017,"J82182"
2017,"J82631"
2017,"Y00334"
2017,"M83662"
2017,"Y03430"
2017,"M83043"
2017,"D83052"
2017,"D83618"
2017,"G81611"
2017,"G81627"
2017,"M91610"
2017,"Y02628"
2017,"M84068"
2017,"Y02640"
2017,"M92642"
2017,"Y04654"
2017,"B82099"
2017,"B82055"
2018,"A81003"
2018,"A81069"
2018,"A81605"
2018,"A81609"
2018,"A81623"
2018,"A82011"
2018,"A82017"
2018,"A82040"
2018,"A82052"
2018,"A82642"
2018,"A83638"
2018,"A84613"
2018,"A86009"
2018,"A89038"
2018,"A89621"
2018,"B81044"
2018,"B81072"
2018,"B81622"
2018,"B81644"
2018,"B81674"
2018,"B81690"
2018,"B82006"
2018,"B82076"
2018,"B83071"
2018,"B85644"
2018,"C81011"
2018,"C81024"
2018,"C81627"
2018,"C81629"
2018,"C81633"
2018,"C81665"
2018,"C82065"
2018,"C82081"
2018,"C82106"
2018,"C82108"
2018,"C83021"
2018,"C83081"
2018,"C83615"
2018,"C83644"
2018,"C83655"
2018,"C83656"
2018,"C84648"
2018,"C84700"
2018,"C84706"
2018,"C85617"
2018,"C87617"
2018,"C88638"
2018,"D81048"
2018,"D83071"
2018,"E81072"
2018,"E82653"
2018,"E84056"
2018,"E84661"
2018,"E84706"
2018,"E84708"
2018,"E85705"
2018,"E85728"
2018,"E87055"
2018,"E87649"
2018,"E87699"
2018,"E87718"
2018,"E87723"
2018,"E87727"
2018,"F81005"
2018,"F81033"
2018,"F81162"
2018,"F81180"
2018,"F81210"
2018,"F81639"
2018,"F81667"
2018,"F81672"
2018,"F81695"
2018,"F81717"
2018,"F82020"
2018,"F82643"
2018,"F83049"
2018,"F83602"
2018,"F84727"
2018,"F84733"
2018,"F85049"
2018,"F85059"
2018,"F85632"
2018,"F85643"
2018,"F85679"
2018,"F85699"
2018,"F85708"
2018,"F86635"
2018,"F86686"
2018,"G81020"
2018,"G81640"
2018,"G81649"
2018,"G81676"
2018,"G81685"
2018,"G81687"
2018,"G82061"
2018,"G82124"
2018,"G82156"
2018,"G82210"
2018,"G82630"
2018,"G82649"
2018,"G82656"
2018,"G82764"
2018,"G82769"
2018,"G82810"
2018,"G82812"
2018,"G83007"
2018,"G83063"
2018,"G83068"
2018,"G83655"
2018,"G85094"
2018,"G85682"
2018,"H81125"
2018,"H81622"
2018,"H82024"
2018,"H82086"
2018,"H82101"
2018,"H82643"
2018,"H83025"
2018,"H83041"
2018,"H83623"
2018,"H84049"
2018,"H84637"
2018,"H85056"
2018,"H85086"
2018,"J81026"
2018,"J81623"
2018,"J81640"
2018,"J82038"
2018,"J82052"
2018,"J82086"
2018,"J82091"
2018,"J82096"
2018,"J82175"
2018,"J82191"
2018,"J82203"
2018,"J82629"
2018,"J82650"
2018,"K81061"
2018,"K83004"
2018,"K84022"
2018,"K84074"
2018,"K84621"
2018,"L81006"
2018,"L81092"
2018,"L81108"
2018,"L81128"
2018,"L81633"
2018,"L82002"
2018,"L82040"
2018,"L83017"
2018,"L83114"
2018,"L83121"
2018,"L83633"
2018,"L84604"
2018,"L85045"
2018,"M81065"
2018,"M82050"
2018,"M83613"
2018,"M84608"
2018,"M85059"
2018,"M85111"
2018,"M85163"
2018,"M85786"
2018,"M86604"
2018,"M86629"
2018,"M87634"
2018,"M89006"
2018,"M89011"
2018,"M89020"
2018,"M89023"
2018,"M89609"
2018,"N81625"
2018,"N82657"
2018,"N83016"
2018,"N83056"
2018,"N83057"
2018,"N83636"
2018,"N84009"
2018,"N85029"
2018,"P81011"
2018,"P81634"
2018,"P81691"
2018,"P81700"
2018,"P81722"
2018,"P81762"
2018,"P81764"
2018,"P81774"
2018,"P83026"
2018,"P83030"
2018,"P84676"
2018,"P86605"
2018,"P87668"
2018,"P88001"
2018,"P88004"
2018,"P88620"
2018,"P89027"
2018,"Y00079"
2018,"Y00304"
2018,"Y00436"
2018,"Y02128"
2018,"Y02384"
2018,"Y02464"
2018,"Y02472"
2018,"Y02477"
2018,"Y02531"
2018,"Y02565"
2018,"Y02566"
2018,"Y02569"
2018,"Y02596"
2018,"Y02612"
2018,"Y02614"
2018,"Y02616"
2018,"Y02635"
2018,"Y02644"
2018,"Y02708"
2018,"Y02815"
2018,"Y02822"
2018,"Y02857"
2018,"Y02914"
2018,"Y02988"
2018,"Y02999"
2018,"Y03054"
2018,"Y03363"
2018,"Y03395"
2018,"Y04225"
2018,"Y04694"
2018,"Y04887"
2018,"Y04944"
2018,"Y04945"
2018,"Y05008"
2019,"A81008"
2019,"A81613"
2019,"A82057"
2019,"A82063"
2019,"A84021"
2019,"A84048"
2019,"A88011"
2019,"A88020"
2019,"A88611"
2019,"A88614"
2019,"A89003"
2019,"A89014"
2019,"A89029"
2019,"A89042"
2019,"A89610"
2019,"A89611"
2019,"B81019"
2019,"B81057"
2019,"B81081"
2019,"B81094"
2019,"B81120"
2019,"B81121"
2019,"B81634"
2019,"B81671"
2019,"B81682"
2019,"B81683"
2019,"B81685"
2019,"B81689"
2019,"B81692"
2019,"B82003"
2019,"B82095"
2019,"B83044"
2019,"B83069"
2019,"B83070"
2019,"B83613"
2019,"B85621"
2019,"B86107"
2019,"B86638"
2019,"B86670"
2019,"B87029"
2019,"C81100"
2019,"C82058"
2019,"C83068"
2019,"C84145"
2019,"C84612"
2019,"C84633"
2019,"C84635"
2019,"C84718"
2019,"C85624"
2019,"C87609"
2019,"C87610"
2019,"C88061"
2019,"C88626"
2019,"D81071"
2019,"D81620"
2019,"D82098"
2019,"D82102"
2019,"D82632"
2019,"D83619"
2019,"E81020"
2019,"E81636"
2019,"E82011"
2019,"E82039"
2019,"E82624"
2019,"E82627"
2019,"E82658"
2019,"E82663"
2019,"E83042"
2019,"E83631"
2019,"E85044"
2019,"E85673"
2019,"E85732"
2019,"E85755"
2019,"E87071"
2019,"F81073"
2019,"F81185"
2019,"F81214"
2019,"F81728"
2019,"F81733"
2019,"F81742"
2019,"F81755"
2019,"F82004"
2019,"F82641"
2019,"F82646"
2019,"F83648"
2019,"F84032"
2019,"F84089"
2019,"F84091"
2019,"F84671"
2019,"F84700"
2019,"F84713"
2019,"F85011"
2019,"F85026"
2019,"F86049"
2019,"F86639"
2019,"G81009"
2019,"G81063"
2019,"G81064"
2019,"G81642"
2019,"G81643"
2019,"G81651"
2019,"G81661"
2019,"G81662"
2019,"G82029"
2019,"G82075"
2019,"G82179"
2019,"G82197"
2019,"G82667"
2019,"G82715"
2019,"G83668"
2019,"G85009"
2019,"G85088"
2019,"G85097"
2019,"G85099"
2019,"G85113"
2019,"G85692"
2019,"H81118"
2019,"H82002"
2019,"H82069"
2019,"H82094"
2019,"H83002"
2019,"H83634"
2019,"H84058"
2019,"H85643"
2019,"H85674"
2019,"J81024"
2019,"J81038"
2019,"J81624"
2019,"J81645"
2019,"J82004"
2019,"J82027"
2019,"J82093"
2019,"J82113"
2019,"J82127"
2019,"J82168"
2019,"J82171"
2019,"J82187"
2019,"J82609"
2019,"J82619"
2019,"J83028"
2019,"J83032"
2019,"J83044"
2019,"J83054"
2019,"J83062"
2019,"J83642"
2019,"J83643"
2019,"J83649"
2019,"J84602"
2019,"K81065"
2019,"K81072"
2019,"K81101"
2019,"K82034"
2019,"K82069"
2019,"K83058"
2019,"K83619"
2019,"K84005"
2019,"K84073"
2019,"K84076"
2019,"K84620"
2019,"K84622"
2019,"L81056"
2019,"L81093"
2019,"L81099"
2019,"L81656"
2019,"L82053"
2019,"L83009"
2019,"L83032"
2019,"L83037"
2019,"L83047"
2019,"L83108"
2019,"L83122"
2019,"L83123"
2019,"L83145"
2019,"L83608"
2019,"L83626"
2019,"L83637"
2019,"L83658"
2019,"L83664"
2019,"L85608"
2019,"L85616"
2019,"M81087"
2019,"M82055"
2019,"M82619"
2019,"M83064"
2019,"M83080"
2019,"M83133"
2019,"M83629"
2019,"M83639"
2019,"M83669"
2019,"M83678"
2019,"M83692"
2019,"M83726"
2019,"M83739"
2019,"M84038"
2019,"M84045"
2019,"M85010"
2019,"M85072"
2019,"M85100"
2019,"M85133"
2019,"M85741"
2019,"M86011"
2019,"M86026"
2019,"M86607"
2019,"M86621"
2019,"M87629"
2019,"M88005"
2019,"M88012"
2019,"M88032"
2019,"M88624"
2019,"M89606"
2019,"M92027"
2019,"M92031"
2019,"M92643"
2019,"N81017"
2019,"N83611"
2019,"N83612"
2019,"N85041"
2019,"N85058"
2019,"P81056"
2019,"P81064"
2019,"P81085"
2019,"P81091"
2019,"P81121"
2019,"P81153"
2019,"P81176"
2019,"P81190"
2019,"P81684"
2019,"P81712"
2019,"P81733"
2019,"P81754"
2019,"P81760"
2019,"P81772"
2019,"P84623"
2019,"P88010"
2019,"P88633"
2019,"P89019"
2019,"P92643"
2019,"Y00081"
2019,"Y00105"
2019,"Y00955"
2019,"Y01851"
2019,"Y02121"
2019,"Y02164"
2019,"Y02181"
2019,"Y02421"
2019,"Y02422"
2019,"Y02461"
2019,"Y02490"
2019,"Y02496"
2019,"Y02507"
2019,"Y02508"
2019,"Y02511"
2019,"Y02515"
2019,"Y02516"
2019,"Y02568"
2019,"Y02581"
2019,"Y02595"
2019,"Y02628"
2019,"Y02645"
2019,"Y02650"
2019,"Y02662"
2019,"Y02688"
2019,"Y02778"
2019,"Y02833"
2019,"Y02838"
2019,"Y02884"
2019,"Y02896"
2019,"Y03364"
2019,"Y03434"
2019,"Y04943"
2019,"Y04979"
2019,"Y05021"
2019,"Y05159"
2019,"Y05548"
2020,"A81015"
2020,"A81033"
2020,"A81047"
2020,"A83019"
2020,"A83042"
2020,"A85605"
2020,"A89612"
2020,"A89620"
2020,"A89624"
2020,"B81084"
2020,"B81089"
2020,"B81693"
2020,"B82001"
2020,"B82092"
2020,"B82611"
2020,"B83043"
2020,"B83050"
2020,"B83631"
2020,"B84017"
2020,"B85011"
2020,"B86037"
2020,"B86651"
2020,"B87023"
2020,"C82015"
2020,"C82023"
2020,"C83006"
2020,"C83016"
2020,"C83017"
2020,"C83605"
2020,"C83633"
2020,"C83652"
2020,"C84002"
2020,"C84003"
2020,"C84052"
2020,"C84125"
2020,"C84672"
2020,"C84712"
2020,"C85015"
2020,"C86014"
2020,"C86030"
2020,"C87023"
2020,"C88042"
2020,"D81007"
2020,"D81009"
2020,"D81019"
2020,"D81020"
2020,"D81039"
2020,"D81074"
2020,"D81087"
2020,"D81605"
2020,"D81616"
2020,"D81619"
2020,"D82081"
2020,"D82613"
2020,"E81011"
2020,"E81017"
2020,"E81062"
2020,"E81626"
2020,"E82080"
2020,"E82095"
2020,"E82613"
2020,"E82630"
2020,"E82656"
2020,"E83624"
2020,"E83633"
2020,"E83644"
2020,"E83654"
2020,"E83656"
2020,"E83658"
2020,"E84026"
2020,"E84029"
2020,"E84084"
2020,"E84657"
2020,"E84669"
2020,"E84690"
2020,"E84705"
2020,"E85110"
2020,"E85117"
2020,"E85686"
2020,"E85727"
2020,"E85733"
2020,"E87017"
2020,"E87057"
2020,"E87682"
2020,"F81018"
2020,"F81070"
2020,"F81079"
2020,"F81084"
2020,"F81094"
2020,"F81109"
2020,"F81157"
2020,"F81608"
2020,"F81648"
2020,"F81670"
2020,"F81718"
2020,"F81724"
2020,"F81743"
2020,"F81758"
2020,"F82665"
2020,"F83030"
2020,"F83051"
2020,"F84631"
2020,"F84661"
2020,"F84679"
2020,"F84708"
2020,"F85015"
2020,"F86655"
2020,"F86675"
2020,"F86704"
2020,"G81033"
2020,"G81094"
2020,"G81103"
2020,"G82012"
2020,"G82104"
2020,"G82187"
2020,"G82204"
2020,"G82230"
2020,"G82688"
2020,"G82710"
2020,"G82712"
2020,"G82726"
2020,"G82751"
2020,"G82793"
2020,"G83017"
2020,"G83043"
2020,"G83672"
2020,"G85010"
2020,"G85012"
2020,"G85081"
2020,"G85095"
2020,"G85112"
2020,"G85133"
2020,"G85712"
2020,"G85723"
2020,"H81054"
2020,"H81611"
2020,"H81620"
2020,"H81667"
2020,"H83048"
2020,"H83620"
2020,"H83622"
2020,"H83626"
2020,"H85056"
2020,"H85072"
2020,"J81043"
2020,"J81050"
2020,"J81063"
2020,"J81065"
2020,"J81090"
2020,"J81632"
2020,"J82046"
2020,"J82065"
2020,"J82100"
2020,"J82123"
2020,"J82190"
2020,"J82206"
2020,"J82212"
2020,"J82688"
2020,"J83017"
2020,"J83020"
2020,"J83644"
2020,"L81032"
2020,"L81035"
2020,"L81049"
2020,"L81052"
2020,"L81057"
2020,"L81060"
2020,"L81080"
2020,"L81088"
2020,"L81102"
2020,"L81124"
2020,"L82014"
2020,"L82617"
2020,"L83074"
2020,"L83138"
2020,"L83139"
2020,"L83144"
2020,"L83643"
2020,"L83647"
2020,"L84002"
2020,"L84017"
2020,"L84042"
2020,"L84055"
2020,"L85005"
2020,"L85060"
2020,"L85620"
2020,"M81013"
2020,"M81014"
2020,"M81023"
2020,"M81079"
2020,"M81080"
2020,"M82029"
2020,"M82045"
2020,"M83078"
2020,"M83631"
2020,"M83708"
2020,"M83733"
2020,"M85015"
2020,"M85045"
2020,"M85075"
2020,"M85611"
2020,"M85652"
2020,"M85776"
2020,"M86022"
2020,"M87002"
2020,"M87625"
2020,"M91022"
2020,"M91025"
2020,"M91604"
2020,"M91625"
2020,"M91643"
2020,"M91655"
2020,"M92030"
2020,"M92035"
2020,"N81015"
2020,"N81618"
2020,"N82051"
2020,"N82060"
2020,"N82100"
2020,"N82623"
2020,"N82647"
2020,"N82665"
2020,"N85619"
2020,"P81028"
2020,"P81104"
2020,"P81152"
2020,"P81163"
2020,"P81215"
2020,"P81607"
2020,"P81643"
2020,"P81690"
2020,"P81749"
2020,"P81758"
2020,"P81785"
2020,"P83019"
2020,"P83023"
2020,"P83029"
2020,"P85025"
2020,"P87036"
2020,"P88028"
2020,"P88604"
2020,"P88618"
2020,"P89017"
2020,"P89033"
2020,"P92619"
2020,"Y00054"
2020,"Y00075"
2020,"Y00092"
2020,"Y00151"
2020,"Y00189"
2020,"Y00198"
2020,"Y00268"
2020,"Y00280"
2020,"Y00484"
2020,"Y00527"
2020,"Y00984"
2020,"Y01177"
2020,"Y01200"
2020,"Y01262"
2020,"Y01960"
2020,"Y01962"
2020,"Y02404"
2020,"Y02464"
2020,"Y02477"
2020,"Y02499"
2020,"Y02501"
2020,"Y02512"
2020,"Y02597"
2020,"Y02614"
2020,"Y02620"
2020,"Y02624"
2020,"Y02660"
2020,"Y02666"
2020,"Y02711"
2020,"Y02812"
2020,"Y02823"
2020,"Y02868"
2020,"Y02887"
2020,"Y02957"
2020,"Y02968"
2020,"Y03201"
2020,"Y03303"
2020,"Y03362"
2020,"Y03506"
2020,"Y04786"
2020,"Y04926"
2020,"Y04927"
2020,"Y05569"
2021,"E83629"
2021,"E83632"
2021,"E84023"
2021,"E84077"
2021,"E84624"
2021,"E84667"
2021,"E85700"
2021,"F82639"
2021,"F82653"
2021,"F82668"
2021,"F84043"
2021,"F84702"
2021,"F84706"
2021,"F85645"
2021,"F86073"
2021,"G83005"
2021,"G83022"
2021,"G83034"
2021,"G83064"
2021,"G84628"
2021,"G85036"
2021,"G85048"
2021,"G85050"
2021,"G85717"
2021,"H83046"
2021,"H84043"
2021,"H84608"
2021,"H85019"
2021,"H85054"
2021,"Y02583"
2021,"Y02914"
2021,"J81032"
2021,"J81040"
2021,"J81055"
2021,"J81069"
2021,"J83063"
2021,"J83636"
2021,"L81016"
2021,"L81028"
2021,"L81112"
2021,"L81119"
2021,"L82037"
2021,"L83078"
2021,"L83080"
2021,"L83107"
2021,"L83644"
2021,"L84013"
2021,"L84057"
2021,"L85041"
2021,"Y03661"
2021,"G81013"
2021,"G81097"
2021,"G82011"
2021,"G82065"
2021,"G82096"
2021,"G82175"
2021,"G82662"
2021,"G82777"
2021,"H81079"
2021,"H81101"
2021,"H81647"
2021,"H81664"
2021,"H82641"
2021,"J82030"
2021,"J82141"
2021,"J82165"
2021,"J82195"
2021,"J82648"
2021,"J84010"
2021,"J84014"
2021,"J84018"
2021,"K81023"
2021,"K81032"
2021,"K81067"
2021,"K81640"
2021,"K82005"
2021,"Y02462"
2021,"Y02471"
2021,"Y04333"
2021,"C81019"
2021,"C81076"
2021,"C81654"
2021,"C82036"
2021,"C82123"
2021,"C82657"
2021,"C82663"
2021,"C83047"
2021,"C83628"
2021,"C84602"
2021,"C84650"
2021,"C84688"
2021,"K83033"
2021,"M82027"
2021,"M83128"
2021,"M83665"
2021,"M83712"
2021,"M83714"
2021,"M84603"
2021,"M84617"
2021,"M84624"
2021,"M85038"
2021,"M85052"
2021,"M85068"
2021,"M85083"
2021,"M85103"
2021,"M85127"
2021,"M85677"
2021,"M85689"
2021,"M86013"
2021,"M86613"
2021,"M88637"
2021,"M89028"
2021,"M89601"
2021,"M92024"
2021,"M92647"
2021,"Y00028"
2021,"Y00592"
2021,"Y02570"
2021,"Y02735"
2021,"Y04949"
2021,"D81024"
2021,"D81053"
2021,"D81063"
2021,"D81624"
2021,"D82069"
2021,"E81054"
2021,"E81059"
2021,"E81075"
2021,"E82025"
2021,"E82054"
2021,"E82076"
2021,"F81035"
2021,"F81074"
2021,"F81127"
2021,"F81138"
2021,"F81168"
2021,"F81195"
2021,"F81644"
2021,"F81691"
2021,"F81698"
2021,"K82062"
2021,"Y00164"
2021,"Y00243"
2021,"Y02080"
2021,"Y02638"
2021,"A82074"
2021,"N81094"
2021,"N81095"
2021,"N81112"
2021,"N84036"
2021,"P81146"
2021,"P81659"
2021,"P81667"
2021,"P81713"
2021,"P81727"
2021,"P81750"
2021,"P81756"
2021,"P81763"
2021,"P81778"
2021,"P83008"
2021,"P84631"
2021,"P84682"
2021,"P87652"
2021,"P88617"
2021,"P88624"
2021,"P91615"
2021,"Y02162"
2021,"Y02610"
2021,"A81632"
2021,"A82060"
2021,"A83004"
2021,"A83017"
2021,"A83076"
2021,"A86015"
2021,"A87014"
2021,"A88603"
2021,"A89603"
2021,"B81021"
2021,"B81049"
2021,"B81053"
2021,"B81056"
2021,"B81066"
2021,"B81602"
2021,"B83007"
2021,"B83011"
2021,"B83040"
2021,"B83638"
2021,"B84002"
2021,"B84615"
2021,"B86047"
2021,"B86077"
2021,"B86095"
2021,"B86633"
2021,"B86682"
2021,"C86039"
2021,"C86623"
2021,"C88033"
2021,"C88057"
2021,"Y00025"
2021,"Y00683"
2021,"Y02483"
2021,"Y02710"
2022,"E84696"
2022,"F84624"
2022,"E85105"
2022,"E85723"
2022,"E85672"
2022,"Y05566"
2022,"F82614"
2022,"F84734"
2022,"F84708"
2022,"F85656"
2022,"F85055"
2022,"F85684"
2022,"F85024"
2022,"F85707"
2022,"F85076"
2022,"F85681"
2022,"F85703"
2022,"F85048"
2022,"F85003"
2022,"F85652"
2022,"F85036"
2022,"F85686"
2022,"G83663"
2022,"G84021"
2022,"G83003"
2022,"Y00454"
2022,"G85118"
2022,"G85081"
2022,"E87050"
2022,"J83632"
2022,"L81043"
2022,"L81648"
2022,"L83125"
2022,"L83130"
2022,"J81031"
2022,"L84044"
2022,"L84020"
2022,"K81647"
2022,"G81684"
2022,"K82043"
2022,"K82042"
2022,"G82221"
2022,"G82722"
2022,"G82206"
2022,"G82757"
2022,"G82690"
2022,"G82727"
2022,"G82109"
2022,"G82622"
2022,"G82820"
2022,"Y02826"
2022,"K84617"
2022,"J82177"
2022,"J82117"
2022,"J82166"
2022,"J82029"
2022,"J82097"
2022,"H82083"
2022,"H82015"
2022,"M89004"
2022,"M83722"
2022,"M86023"
2022,"C81648"
2022,"C81104"
2022,"C84104"
2022,"C84048"
2022,"C84709"
2022,"C84133"
2022,"C84124"
2022,"M85064"
2022,"M85085"
2022,"Y02495"
2022,"M83115"
2022,"M83134"
2022,"Y03432"
2022,"M92003"
2022,"F81756"
2022,"F81720"
2022,"E81023"
2022,"D81040"
2022,"D81623"
2022,"E82109"
2022,"E82126"
2022,"E82057"
2022,"E82028"
2022,"D83036"
2022,"D83082"
2022,"F81738"
2022,"K82050"
2022,"F81622"
2022,"F81200"
2022,"F81016"
2022,"N81042"
2022,"N81021"
2022,"N81073"
2022,"N81091"
2022,"P81769"
2022,"P81134"
2022,"N82621"
2022,"P84055"
2022,"A82621"
2022,"A82065"
2022,"P85613"
2022,"P85006"
2022,"P87659"
2022,"P87003"
2022,"P87660"
2022,"P87014"
2022,"N83022"
2022,"P88600"
2022,"P91032"
2022,"P81177"
2022,"P92652"
2022,"N85053"
2022,"A83632"
2022,"A83603"
2022,"B85638"
2022,"B81080"
2022,"B86031"
2022,"A85609"
2022,"Y00151"
2022,"A84015"
2022,"C87621"
2022,"A89604"
2022,"B87040"
2023,"A82034"
2023,"A82049"
2023,"A82050"
2023,"A83076"
2023,"A83630"
2023,"A84003"
2023,"A84043"
2023,"A87015"
2023,"A87027"
2023,"B81062"
2023,"B81066"
2023,"B81677"
2023,"B81688"
2023,"B82020"
2023,"B82092"
2023,"B82103"
2023,"B83021"
2023,"B83023"
2023,"B83027"
2023,"B83049"
2023,"B83061"
2023,"B83071"
2023,"B83602"
2023,"B86023"
2023,"B87041"
2023,"B87600"
2023,"C81024"
2023,"C81660"
2023,"C82123"
2023,"C83605"
2023,"C83637"
2023,"C84096"
2023,"C84647"
2023,"C84680"
2023,"C84698"
2023,"C84710"
2023,"C85628"
2023,"C86613"
2023,"C88024"
2023,"C88643"
2023,"D81032"
2023,"D81053"
2023,"D83039"
2023,"D83615"
2023,"E81056"
2023,"E81611"
2023,"E83036"
2023,"E87735"
2023,"F81151"
2023,"F81195"
2023,"F81688"
2023,"F81691"
2023,"F83677"
2023,"F84046"
2023,"F84673"
2023,"F85027"
2023,"F85045"
2023,"F85053"
2023,"G81035"
2023,"G81053"
2023,"G81056"
2023,"G81064"
2023,"G82012"
2023,"G82103"
2023,"G82128"
2023,"G82133"
2023,"G82735"
2023,"G82791"
2023,"G83037"
2023,"G83061"
2023,"G84022"
2023,"G85008"
2023,"G85035"
2023,"G85082"
2023,"G85106"
2023,"H82010"
2023,"H84632"
2023,"J81071"
2023,"J81628"
2023,"J82004"
2023,"J82044"
2023,"J82133"
2023,"J82188"
2023,"J82212"
2023,"J82620"
2023,"J82651"
2023,"J83644"
2023,"K81032"
2023,"K81667"
2023,"L81060"
2023,"L81637"
2023,"L81655"
2023,"L82021"
2023,"L82024"
2023,"L82040"
2023,"L83022"
2023,"L83061"
2023,"L83080"
2023,"L83117"
2023,"L83132"
2023,"L83642"
2023,"L84057"
2023,"L85612"
2023,"M81073"
2023,"M81089"
2023,"M81621"
2023,"M82044"
2023,"M82604"
2023,"M83041"
2023,"M83128"
2023,"M83700"
2023,"M83705"
2023,"M83712"
2023,"M83714"
2023,"M85127"
2023,"M85663"
2023,"M88024"
2023,"M88637"
2023,"M89601"
2023,"N81015"
2023,"N84036"
2023,"N85034"
2023,"P81004"
2023,"P81173"
2023,"P81204"
2023,"P81210"
2023,"P81642"
2023,"P81689"
2023,"P83020"
2023,"P84062"
2023,"P84616"
2023,"P85607"
2023,"P87039"
2023,"P88001"
2023,"P91619"
2023,"P91625"
2023,"P92035"
2023,"P92623"
2023,"Y00212"
2023,"Y01139"
2023,"Y02128"
2023,"Y02129"
2023,"Y02260"
2023,"Y02470"
2023,"Y02512"
2023,"Y02585"
2023,"Y02615"
2023,"Y02660"
2023,"Y02823"
2023,"Y02961"
2023,"Y03112"
2023,"Y04883"
2023,"Y04947"
2023,"Y04951"
2023,"Y04952"
